customer_id,customer_name,email,registration_date,customer_type
C1001,David Gonzalez,david.gonzalez1@hotmail.com,2024-09-05,PREMIUM
C1002,Barbara Johnson,barbara.johnson2@outlook.com,2024-09-06,REGULAR
C1003,Margaret Lopez,margaret.lopez3@yahoo.com,2025-04-27,REGULAR
C1004,John Lopez,john.lopez4@yahoo.com,2025-04-30,REGULAR
C1005,John Miller,john.miller5@outlook.com,2024-12-14,PREMIUM
C1006,James Smith,james.smith6@yahoo.com,2025-05-09,PREMIUM
C1007,David Wilson,david.wilson7@hotmail.com,2024-08-04,REGULAR
C1008,Mark Hernandez,mark.hernandez8@hotmail.com,2024-10-14,REGULAR
C1009,Betty Johnson,betty.johnson9@hotmail.com,2025-03-11,VIP
C1010,Michael Anderson,michael.anderson10@outlook.com,2024-03-01,REGULAR
C1011,Sarah Anderson,sarah.anderson11@yahoo.com,2024-11-07,REGULAR
C1012,Karen Thomas,karen.thomas12@gmail.com,2024-01-27,REGULAR
C1013,Margaret Johnson,margaret.johnson13@outlook.com,2024-10-13,REGULAR
C1014,Daniel Hernandez,daniel.hernandez14@yahoo.com,2024-03-23,REGULAR
C1015,Richard Rodriguez,richard.rodriguez15@outlook.com,2025-03-21,REGULAR
C1016,Karen Garcia,karen.garcia16@example.com,2024-04-04,PREMIUM
C1017,Lisa Perez,lisa.perez17@hotmail.com,2024-11-30,PREMIUM
C1018,Mark Garcia,mark.garcia18@example.com,2024-02-21,PREMIUM
C1019,Jennifer Lee,jennifer.lee19@yahoo.com,2025-01-02,VIP
C1020,Anthony Wilson,anthony.wilson20@yahoo.com,2024-01-29,REGULAR
C1021,David Moore,david.moore21@yahoo.com,2024-05-19,REGULAR
C1022,Matthew Garcia,matthew.garcia22@outlook.com,2024-08-05,REGULAR
C1023,Karen Garcia,karen.garcia23@example.com,2024-02-04,PREMIUM
C1024,Robert Davis,robert.davis24@yahoo.com,2025-04-30,REGULAR
C1025,Patricia Taylor,patricia.taylor25@outlook.com,2024-01-21,REGULAR
C1026,Mark Brown,mark.brown26@hotmail.com,2025-03-31,REGULAR
C1027,Elizabeth Garcia,elizabeth.garcia27@outlook.com,2024-10-12,PREMIUM
C1028,Daniel Gonzalez,daniel.gonzalez28@hotmail.com,2024-11-22,REGULAR
C1029,Elizabeth Thomas,elizabeth.thomas29@hotmail.com,2024-05-15,REGULAR
C1030,Matthew Lopez,matthew.lopez30@hotmail.com,2024-05-10,REGULAR
C1031,William Davis,william.davis31@gmail.com,2025-01-25,PREMIUM
C1032,John Hernandez,john.hernandez32@gmail.com,2024-08-31,PREMIUM
C1033,William Martin,william.martin33@example.com,2024-09-26,PREMIUM
C1034,Elizabeth Brown,elizabeth.brown34@outlook.com,2025-03-31,PREMIUM
C1035,Lisa Lopez,lisa.lopez35@gmail.com,2024-09-20,REGULAR
C1036,Donald Taylor,donald.taylor36@hotmail.com,2025-03-09,REGULAR
C1037,Elizabeth Hernandez,elizabeth.hernandez37@gmail.com,2024-10-21,REGULAR
C1038,James Lee,james.lee38@hotmail.com,2024-01-07,REGULAR
C1039,Anthony Moore,anthony.moore39@gmail.com,2025-03-31,PREMIUM
C1040,Mary Taylor,mary.taylor40@example.com,2024-04-22,REGULAR
C1041,Michael Garcia,michael.garcia41@example.com,2025-01-31,REGULAR
C1042,Thomas Moore,thomas.moore42@hotmail.com,2025-02-11,PREMIUM
C1043,Mary Brown,mary.brown43@yahoo.com,2024-07-28,REGULAR
C1044,Matthew Anderson,matthew.anderson44@gmail.com,2025-02-28,VIP
C1045,Margaret Williams,margaret.williams45@hotmail.com,2025-04-27,PREMIUM
C1046,Robert Moore,robert.moore46@yahoo.com,2024-03-10,REGULAR
C1047,Patricia Anderson,patricia.anderson47@outlook.com,2024-04-12,REGULAR
C1048,Nancy Thompson,nancy.thompson48@gmail.com,2025-04-28,REGULAR
C1049,Thomas Garcia,thomas.garcia49@yahoo.com,2024-06-09,REGULAR
C1050,Mark Lopez,mark.lopez50@yahoo.com,2024-09-27,PREMIUM
C1051,Charles Taylor,charles.taylor51@example.com,2025-04-25,REGULAR
C1052,Charles Miller,charles.miller52@gmail.com,2024-09-21,REGULAR
C1053,Linda Thompson,linda.thompson53@example.com,2024-08-23,REGULAR
C1054,Patricia Williams,patricia.williams54@yahoo.com,2024-03-20,VIP
C1055,Daniel Gonzalez,daniel.gonzalez55@gmail.com,2024-11-26,VIP
C1056,Betty Lee,betty.lee56@outlook.com,2024-09-01,REGULAR
C1057,Christopher Taylor,christopher.taylor57@gmail.com,2025-04-28,PREMIUM
C1058,Susan Thomas,susan.thomas58@gmail.com,2025-03-02,REGULAR
C1059,John Perez,john.perez59@gmail.com,2025-05-10,REGULAR
C1060,Thomas Lee,thomas.lee60@example.com,2025-04-11,REGULAR
C1061,Susan Williams,susan.williams61@outlook.com,2024-08-19,REGULAR
C1062,Jennifer Brown,jennifer.brown62@example.com,2024-08-08,REGULAR
C1063,Joseph Garcia,joseph.garcia63@yahoo.com,2024-11-25,VIP
C1064,Betty Johnson,betty.johnson64@example.com,2025-04-16,VIP
C1065,Christopher Garcia,christopher.garcia65@gmail.com,2024-09-20,REGULAR
C1066,Margaret Johnson,margaret.johnson66@hotmail.com,2024-11-14,REGULAR
C1067,Robert Thomas,robert.thomas67@example.com,2024-04-21,REGULAR
C1068,Ashley Wilson,ashley.wilson68@gmail.com,2024-04-18,VIP
C1069,Christopher Perez,christopher.perez69@outlook.com,2025-02-09,PREMIUM
C1070,Patricia Taylor,patricia.taylor70@yahoo.com,2024-03-27,REGULAR
C1071,Donald Taylor,donald.taylor71@gmail.com,2024-04-28,REGULAR
C1072,Margaret Martinez,margaret.martinez72@gmail.com,2024-09-25,PREMIUM
C1073,Sandra Perez,sandra.perez73@example.com,2025-01-21,REGULAR
C1074,Lisa Johnson,lisa.johnson74@outlook.com,2025-01-04,REGULAR
C1075,Anthony Thompson,anthony.thompson75@hotmail.com,2024-10-05,REGULAR
C1076,David Jackson,david.jackson76@example.com,2025-02-10,PREMIUM
C1077,Robert Lopez,robert.lopez77@gmail.com,2024-09-30,REGULAR
C1078,Jessica Anderson,jessica.anderson78@example.com,2024-10-18,REGULAR
C1079,Mark Anderson,mark.anderson79@gmail.com,2025-04-17,REGULAR
C1080,Nancy Brown,nancy.brown80@hotmail.com,2024-03-17,VIP
C1081,Richard Perez,richard.perez81@hotmail.com,2024-05-24,REGULAR
C1082,Robert Martin,robert.martin82@example.com,2025-04-15,REGULAR
C1083,Betty Lopez,betty.lopez83@hotmail.com,2024-05-10,REGULAR
C1084,David Rodriguez,david.rodriguez84@outlook.com,2025-03-03,REGULAR
C1085,Charles Miller,charles.miller85@gmail.com,2024-12-27,PREMIUM
C1086,William Garcia,william.garcia86@gmail.com,2024-01-08,REGULAR
C1087,Margaret Lee,margaret.lee87@yahoo.com,2025-05-12,PREMIUM
C1088,John Jackson,john.jackson88@hotmail.com,2025-05-04,VIP
C1089,Ashley Hernandez,ashley.hernandez89@outlook.com,2025-02-24,REGULAR
C1090,John Anderson,john.anderson90@outlook.com,2024-10-06,REGULAR
C1091,Lisa Thompson,lisa.thompson91@hotmail.com,2024-12-15,VIP
C1092,Susan Rodriguez,susan.rodriguez92@yahoo.com,2025-01-02,REGULAR
C1093,Ashley Gonzalez,ashley.gonzalez93@hotmail.com,2024-09-24,REGULAR
C1094,Susan Lee,susan.lee94@hotmail.com,2024-02-26,REGULAR
C1095,Charles Brown,charles.brown95@yahoo.com,2024-07-16,REGULAR
C1096,William Anderson,william.anderson96@yahoo.com,2024-02-24,REGULAR
C1097,Mary Lopez,mary.lopez97@example.com,2024-05-17,PREMIUM
C1098,Barbara Lee,barbara.lee98@example.com,2024-01-09,PREMIUM
C1099,Robert Brown,robert.brown99@outlook.com,2024-08-07,REGULAR
C1100,Betty Williams,betty.williams100@gmail.com,2024-04-11,PREMIUM
C1101,Richard Thompson,richard.thompson101@outlook.com,2024-04-12,REGULAR
C1102,Daniel Martinez,daniel.martinez102@example.com,2025-05-03,PREMIUM
C1103,Richard Wilson,richard.wilson103@outlook.com,2025-04-06,REGULAR
C1104,Matthew Lopez,matthew.lopez104@yahoo.com,2024-11-23,PREMIUM
C1105,Nancy Wilson,nancy.wilson105@outlook.com,2025-05-07,REGULAR
C1106,Jennifer Garcia,jennifer.garcia@com.INVALID,2024-06-15,PREMIUM
C1107,Karen Garcia,karen.garcia107@outlook.com,2024-01-19,REGULAR
C1108,Sandra Williams,sandra.williams108@example.com,2024-01-17,REGULAR
C1109,James Williams,james.williams109@yahoo.com,2024-10-25,PREMIUM
C1110,Donald Thompson,donald.thompson110@example.com,2024-10-21,REGULAR
C1111,David Johnson,david.johnson111@yahoo.com,2024-11-06,VIP
C1112,Thomas Taylor,thomas.taylor112@hotmail.com,2024-01-30,PREMIUM
C1113,Sandra Gonzalez,sandra.gonzalez113@gmail.com,2024-03-17,PREMIUM
C1114,Robert Moore,robert.moore114@yahoo.com,2025-03-30,PREMIUM
C1115,Charles Jackson,charles.jackson115@outlook.com,2024-08-18,REGULAR
C1116,Ashley Martin,ashley.martin116@example.com,2024-04-06,PREMIUM
C1117,Daniel Martinez,daniel.martinez117@yahoo.com,2025-04-17,PREMIUM
C1118,Elizabeth Jones,elizabeth.jones118@yahoo.com,2024-11-23,REGULAR
C1119,Betty Wilson,betty.wilson119@example.com,2024-02-01,REGULAR
C1120,Joseph Jackson,joseph.jackson120@yahoo.com,2024-12-25,REGULAR
C1121,Susan Lee,susan.lee121@outlook.com,2025-01-28,PREMIUM
C1122,Patricia Anderson,patricia.anderson122@outlook.com,2024-06-14,VIP
C1123,Daniel Martin,daniel.martin123@example.com,2024-05-03,REGULAR
C1124,Sandra Garcia,sandra.garcia124@example.com,2024-01-31,REGULAR
C1125,Ashley Taylor,ashley.taylor125@gmail.com,2024-01-24,PREMIUM
C1126,Ashley Miller,ashley.miller126@yahoo.com,2025-01-10,PREMIUM
C1127,Michael Taylor,michael.taylor127@outlook.com,2024-02-13,REGULAR
C1128,Donald Martin,donald.martin128@outlook.com,2025-04-04,PREMIUM
C1129,John Anderson,john.anderson129@gmail.com,2025-01-07,PREMIUM
C1130,David Lee,david.lee130@yahoo.com,2025-01-17,REGULAR
C1131,Anthony Miller,anthony.miller131@gmail.com,2024-10-11,REGULAR
C1132,Sarah Rodriguez,sarah.rodriguez132@yahoo.com,2024-03-02,REGULAR
C1133,John Williams,john.williams133@hotmail.com,2024-09-13,PREMIUM
C1134,Patricia Miller,patricia.miller134@example.com,2024-08-21,REGULAR
C1135,Jessica Hernandez,jessica.hernandez135@example.com,2024-09-06,REGULAR
C1136,Sandra Perez,sandra.perez136@outlook.com,2024-03-06,REGULAR
C1137,Margaret Martinez,margaret.martinez137@outlook.com,2024-09-02,REGULAR
C1138,Thomas Thompson,thomas.thompson138@example.com,2025-03-19,REGULAR
C1139,Ashley Gonzalez,ashley.gonzalez139@outlook.com,2024-12-08,REGULAR
C1140,Richard Jackson,richard.jackson140@outlook.com,2025-01-08,PREMIUM
C1141,Linda Perez,linda.perez141@hotmail.com,2024-03-09,VIP
C1142,Nancy Brown,nancy.brown142@gmail.com,2024-12-07,PREMIUM
C1143,Matthew Jackson,matthew.jackson143@example.com,2024-07-28,REGULAR
C1144,Matthew Davis,matthew.davis144@gmail.com,2024-02-28,REGULAR
C1145,David Thomas,david.thomas145@example.com,2024-06-12,VIP
C1146,Mark Martinez,mark.martinez146@yahoo.com,2024-03-23,PREMIUM
C1147,David Johnson,david.johnson147@hotmail.com,2024-08-12,REGULAR
C1148,Michael Lopez,michael.lopez148@example.com,2024-03-11,REGULAR
C1149,John Lee,john.lee149@example.com,2025-03-02,REGULAR
C1150,Margaret Lopez,margaret.lopez150@gmail.com,2025-04-16,VIP
C1151,Richard Miller,richard.miller151@yahoo.com,2024-11-30,VIP
C1152,Linda Williams,linda.williams152@example.com,2024-09-30,REGULAR
C1153,Jessica Smith,jessica.smith153@gmail.com,2024-10-29,VIP
C1154,David Williams,david.williams154@gmail.com,2025-01-20,REGULAR
C1155,Barbara Lopez,barbara.lopez155@gmail.com,2024-07-17,PREMIUM
C1156,Susan Jones,susan.jones156@yahoo.com,2024-05-21,REGULAR
C1157,Daniel Hernandez,daniel.hernandez157@example.com,2024-12-14,REGULAR
C1158,Mark Miller,mark.miller158@outlook.com,2024-08-01,PREMIUM
C1159,Charles Miller,charles.miller159@hotmail.com,2024-02-29,REGULAR
C1160,Nancy Lopez,nancy.lopez160@yahoo.com,2024-02-25,REGULAR
C1161,Jessica Thompson,jessica.thompson161@hotmail.com,2025-04-15,REGULAR
C1162,James Wilson,james.wilson162@outlook.com,2024-03-01,REGULAR
C1163,Mark Moore,mark.moore163@example.com,2025-01-02,REGULAR
C1164,Elizabeth Anderson,elizabeth.anderson164@hotmail.com,2024-01-21,REGULAR
C1165,Lisa Davis,lisa.davis165@outlook.com,2024-10-01,PREMIUM
C1166,Betty Jackson,betty.jackson166@hotmail.com,2024-07-30,VIP
C1167,Christopher Martinez,christopher.martinez167@example.com,2024-02-23,PREMIUM
C1168,Nancy Garcia,nancy.garcia168@gmail.com,2024-07-18,REGULAR
C1169,Jennifer Jackson,jennifer.jackson169@example.com,2024-02-16,REGULAR
C1170,Margaret Thomas,margaret.thomas170@yahoo.com,2024-12-28,REGULAR
C1171,Jessica Garcia,jessica.garcia171@outlook.com,2024-03-02,PREMIUM
C1172,Sandra Hernandez,sandra.hernandez172@hotmail.com,2024-04-06,PREMIUM
C1173,Barbara Jackson,barbara.jackson173@yahoo.com,2024-03-31,PREMIUM
C1174,James Thompson,james.thompson174@hotmail.com,2024-11-22,PREMIUM
C1175,Donald Thompson,donald.thompson175@hotmail.com,2025-01-31,PREMIUM
C1176,William Garcia,william.garcia176@outlook.com,2025-01-31,REGULAR
C1177,Betty Martinez,betty.martinez177@hotmail.com,2024-09-17,REGULAR
C1178,Ashley Jones,ashley.jones178@outlook.com,2024-05-10,REGULAR
C1179,James Miller,james.miller179@gmail.com,2024-11-27,PREMIUM
C1180,Jessica Davis,jessica.davis180@gmail.com,2024-11-15,VIP
C1181,Anthony Wilson,anthony.wilson181@yahoo.com,2025-02-08,VIP
C1182,Betty Thomas,betty.thomas182@yahoo.com,2024-02-10,REGULAR
C1183,Lisa Thomas,lisa.thomas183@gmail.com,2024-02-27,REGULAR
C1184,Donald Lee,donald.lee184@hotmail.com,2024-12-07,REGULAR
C1185,Daniel Martinez,daniel.martinez185@hotmail.com,2024-12-11,REGULAR
C1186,Sarah Rodriguez,sarah.rodriguez186@hotmail.com,2024-05-27,REGULAR
C1187,Thomas Lee,thomas.lee187@yahoo.com,2024-04-24,REGULAR
C1188,Robert Jackson,robert.jackson188@gmail.com,2024-09-02,PREMIUM
C1189,Elizabeth Jones,elizabeth.jones189@gmail.com,2024-06-03,REGULAR
C1190,Joseph Garcia,joseph.garcia190@hotmail.com,2024-02-13,REGULAR
C1191,Elizabeth Hernandez,elizabeth.hernandez191@outlook.com,2025-01-13,REGULAR
C1192,Lisa Moore,lisa.moore192@outlook.com,2024-11-03,REGULAR
C1193,Anthony Gonzalez,anthony.gonzalez193@gmail.com,2025-02-14,REGULAR
C1194,Barbara Davis,barbara.davis194@hotmail.com,2025-02-26,REGULAR
C1195,Sandra Taylor,sandra.taylor195@gmail.com,2025-01-23,REGULAR
C1196,Jessica Smith,jessica.smith196@hotmail.com,2024-09-25,REGULAR
C1197,William Taylor,william.taylor197@outlook.com,2024-10-20,REGULAR
C1198,Jessica Davis,jessica.davis198@gmail.com,2025-02-04,PREMIUM
C1199,Barbara Lee,barbara.lee199@example.com,2024-11-26,PREMIUM
C1200,Christopher Jackson,christopher.jackson200@example.com,2025-01-04,REGULAR
C1201,James Thomas,james.thomas201@outlook.com,2024-06-01,REGULAR
C1202,Jessica Miller,jessica.miller202@example.com,2025-02-18,PREMIUM
C1203,David Jackson,david.jackson203@yahoo.com,2024-05-23,PREMIUM
C1204,Donald Martin,donald.martin204@gmail.com,2025-02-20,REGULAR
C1205,Matthew Thompson,matthew.thompson205@outlook.com,2024-06-05,PREMIUM
C1206,Thomas Hernandez,thomas.hernandez206@example.com,2025-04-23,REGULAR
C1207,Daniel Gonzalez,daniel.gonzalez207@yahoo.com,2025-03-06,REGULAR
C1208,Elizabeth Jones,elizabeth.jones208@hotmail.com,2024-09-12,REGULAR
C1209,Christopher Gonzalez,christopher.gonzalez209@hotmail.com,2024-07-06,PREMIUM
C1210,Sarah Anderson,sarah.anderson210@hotmail.com,2024-12-22,REGULAR
C1211,Charles Lee,charles.lee211@gmail.com,2024-04-27,VIP
C1212,Mark Jones,mark.jones212@example.com,2024-03-29,REGULAR
C1213,Donald Rodriguez,donald.rodriguez213@yahoo.com,2025-04-19,REGULAR
C1214,Nancy Hernandez,nancy.hernandez214@outlook.com,2024-06-25,REGULAR
C1215,Karen Jones,karenjonesgmail.com.INVALID,2024-03-29,REGULAR
C1216,Betty Hernandez,betty.hernandez216@hotmail.com,2024-05-12,PREMIUM
C1217,Matthew Rodriguez,matthew.rodriguez217@gmail.com,2025-05-01,REGULAR
C1218,Anthony Rodriguez,anthony.rodriguez218@gmail.com,2024-08-18,VIP
C1219,Thomas Johnson,thomas.johnson219@example.com,2024-10-01,PREMIUM
C1220,Joseph Jones,joseph.jones220@example.com,2024-01-21,REGULAR
C1221,Sarah Wilson,sarah.wilson221@outlook.com,2024-03-27,REGULAR
C1222,Richard Gonzalez,richard.gonzalez222@example.com,2025-01-24,PREMIUM
C1223,Sarah Thompson,sarah.thompson223@example.com,2025-02-13,REGULAR
C1224,Daniel Hernandez,daniel.hernandez224@hotmail.com,2025-05-01,REGULAR
C1225,Daniel Jackson,daniel.jackson225@outlook.com,2024-04-11,VIP
C1226,John Miller,john.miller226@outlook.com,2025-02-14,REGULAR
C1227,Sarah Williams,sarah.williams227@hotmail.com,2024-09-20,REGULAR
C1228,Thomas Moore,thomas.moore228@example.com,2024-07-20,REGULAR
C1229,Susan Thompson,susan.thompson229@hotmail.com,2024-06-21,REGULAR
C1230,Karen Lopez,karen.lopez230@outlook.com,2024-04-22,PREMIUM
C1231,Sandra Jones,sandra.jones231@gmail.com,2025-03-07,PREMIUM
C1232,Elizabeth Taylor,elizabeth.taylor232@outlook.com,2024-11-19,VIP
C1233,David Wilson,david.wilson233@yahoo.com,2024-06-26,VIP
C1234,Karen Taylor,karen.taylor234@gmail.com,2024-04-30,PREMIUM
C1235,Mark Gonzalez,mark.gonzalez235@outlook.com,2024-04-06,VIP
C1236,Christopher Martinez,christopher.martinez@com.INVALID,2024-11-04,PREMIUM
C1237,Robert Jackson,robert.jackson237@outlook.com,2024-10-04,REGULAR
C1238,Jennifer Gonzalez,jennifer.gonzalez238@example.com,2025-03-25,PREMIUM
C1239,Donald Thompson,donald.thompson239@yahoo.com,2024-03-07,PREMIUM
C1240,Daniel Garcia,daniel.garcia240@hotmail.com,2024-09-03,REGULAR
C1241,Michael Brown,michael.brown241@example.com,2024-01-28,REGULAR
C1242,Thomas Lee,thomas.lee242@outlook.com,2024-09-01,REGULAR
C1243,Donald Lee,donald.lee243@gmail.com,2024-11-13,PREMIUM
C1244,Nancy Hernandez,nancy.hernandez244@outlook.com,2024-07-30,PREMIUM
C1245,Anthony Anderson,anthony.anderson245@outlook.com,2025-04-20,REGULAR
C1246,Patricia Gonzalez,patricia.gonzalez246@example.com,2024-11-12,PREMIUM
C1247,William Martin,william.martin247@example.com,2024-09-09,REGULAR
C1248,Michael Jones,michael.jones248@yahoo.com,2024-09-18,PREMIUM
C1249,Elizabeth Moore,elizabeth.moore249@example.com,2024-06-24,REGULAR
C1250,Jessica Davis,jessica.davis250@hotmail.com,2024-05-10,VIP
C1251,James Johnson,james.johnson251@outlook.com,2024-09-27,REGULAR
C1252,John Williams,john.williams252@yahoo.com,2024-10-13,REGULAR
C1253,Charles Anderson,charles.anderson253@outlook.com,2025-04-06,REGULAR
C1254,Richard Thomas,richard.thomas254@hotmail.com,2024-05-10,VIP
C1255,Susan Anderson,susan.anderson255@yahoo.com,2024-07-25,REGULAR
C1256,Michael Jackson,michael.jackson256@gmail.com,2024-09-02,PREMIUM
C1257,Mark Moore,mark.moore257@hotmail.com,2024-02-09,REGULAR
C1258,David Taylor,david.taylor258@yahoo.com,2024-09-30,REGULAR
C1259,Donald Williams,donald.williams259@outlook.com,2025-03-23,REGULAR
C1260,Richard Taylor,richard.taylor260@gmail.com,2024-09-17,PREMIUM
C1261,John Taylor,john.taylor261@hotmail.com,2025-02-21,REGULAR
C1262,Mary Smith,mary.smith262@outlook.com,2024-07-02,REGULAR
C1263,Mark Perez,mark.perez263@yahoo.com,2024-05-21,REGULAR
C1264,Margaret Thompson,margaret.thompson264@example.com,2024-07-20,REGULAR
C1265,Jennifer Jackson,jennifer.jackson265@gmail.com,2025-04-21,PREMIUM
C1266,Sandra Smith,sandra.smith266@outlook.com,2025-01-26,REGULAR
C1267,Anthony Martinez,anthony.martinez267@example.com,2025-01-30,REGULAR
C1268,James Thomas,james.thomas268@hotmail.com,2024-08-28,REGULAR
C1269,Donald Garcia,donald.garcia269@example.com,2024-07-28,REGULAR
C1270,Susan Thompson,susan.thompson270@example.com,2024-01-23,REGULAR
C1271,Charles Miller,charles.miller271@gmail.com,2024-07-29,VIP
C1272,Jessica Martin,jessica.martin272@gmail.com,2024-06-29,PREMIUM
C1273,Joseph Smith,joseph.smith273@outlook.com,2025-04-17,REGULAR
C1274,James Johnson,james.johnson274@hotmail.com,2024-11-06,REGULAR
C1275,Karen Lopez,karen.lopez275@example.com,2024-10-11,REGULAR
C1276,Sarah Martin,sarah.martin276@hotmail.com,2024-04-09,PREMIUM
C1277,Ashley Lee,ashley.lee277@outlook.com,2025-03-09,REGULAR
C1278,Nancy Miller,nancy.miller278@yahoo.com,2024-09-26,REGULAR
C1279,Mary Gonzalez,marygonzalezgmail.com.INVALID,2024-12-03,REGULAR
C1280,Christopher Brown,christopher.brown280@gmail.com,2024-02-16,REGULAR
C1281,Lisa Lee,lisa.lee281@example.com,2024-11-07,REGULAR
C1282,Richard Lopez,richard.lopez282@outlook.com,2025-05-06,REGULAR
C1283,Elizabeth Wilson,elizabeth.wilson283@yahoo.com,2024-01-09,REGULAR
C1284,Susan Wilson,susan.wilson284@example.com,2024-10-11,REGULAR
C1285,Sarah Williams,sarah.williams285@outlook.com,2024-10-26,REGULAR
C1286,Joseph Jones,joseph.jones286@outlook.com,2024-05-20,REGULAR
C1287,John Martinez,john.martinez287@example.com,2025-05-01,REGULAR
C1288,Jennifer Garcia,jennifer.garcia288@hotmail.com,2024-02-07,PREMIUM
C1289,Thomas Thompson,thomas.thompson289@example.com,2024-01-07,REGULAR
C1290,William Thompson,william.thompson290@example.com,2025-04-03,REGULAR
C1291,Patricia Williams,patricia.williams291@yahoo.com,2024-08-20,PREMIUM
C1292,Margaret Gonzalez,margaret.gonzalez292@yahoo.com,2025-01-03,REGULAR
C1293,Mary Martin,mary.martin293@outlook.com,2024-07-24,REGULAR
C1294,William Jackson,william.jackson294@example.com,2024-03-29,REGULAR
C1295,William Brown,william.brown295@outlook.com,2024-02-02,REGULAR
C1296,Elizabeth Thompson,elizabeth.thompson296@example.com,2024-02-02,PREMIUM
C1297,Robert Johnson,robert.johnson297@outlook.com,2024-06-16,REGULAR
C1298,Christopher Miller,christopher.miller298@yahoo.com,2024-04-09,REGULAR
C1299,Mary Johnson,mary.johnson299@yahoo.com,2025-02-20,REGULAR
C1300,Joseph Lee,joseph.lee300@hotmail.com,2025-02-17,REGULAR
C1301,Lisa Rodriguez,lisa.rodriguez301@example.com,2024-10-20,REGULAR
C1302,Charles Smith,charles.smith302@example.com,2025-04-30,REGULAR
C1303,Thomas Gonzalez,thomas.gonzalez303@example.com,2024-12-23,PREMIUM
C1304,James Smith,james.smith304@hotmail.com,2024-08-04,REGULAR
C1305,Barbara Miller,barbara.miller305@gmail.com,2024-01-13,REGULAR
C1306,Daniel Taylor,daniel.taylor306@outlook.com,2024-05-29,REGULAR
C1307,Richard Anderson,richard.anderson307@yahoo.com,2024-08-05,PREMIUM
C1308,Lisa Williams,lisa.williams308@yahoo.com,2024-07-17,PREMIUM
C1309,Sarah Rodriguez,sarah.rodriguez309@gmail.com,2024-03-29,PREMIUM
C1310,Jessica Davis,jessica.davis310@yahoo.com,2024-03-09,VIP
C1311,David Anderson,david.anderson311@hotmail.com,2025-04-22,REGULAR
C1312,Mark Miller,mark.miller312@outlook.com,2024-12-01,REGULAR
C1313,David Taylor,david.taylor313@example.com,2024-06-22,REGULAR
C1314,Patricia Wilson,patricia.wilson314@example.com,2025-05-08,PREMIUM
C1315,Betty Gonzalez,betty.gonzalez315@example.com,2025-01-25,REGULAR
C1316,Jessica Rodriguez,jessica.rodriguez316@example.com,2024-03-17,REGULAR
C1317,Christopher Johnson,christopher.johnson317@gmail.com,2024-09-29,REGULAR
C1318,Jennifer Moore,jennifer.moore318@yahoo.com,2024-01-24,REGULAR
C1319,Richard Jackson,richardjacksongmail.com.INVALID,2025-04-26,REGULAR
C1320,Thomas Gonzalez,thomas.gonzalez320@outlook.com,2024-02-05,REGULAR
C1321,Matthew Lee,matthew.lee321@yahoo.com,2024-10-24,PREMIUM
C1322,Michael Miller,michael.miller322@outlook.com,2025-03-20,REGULAR
C1323,Thomas Brown,thomas.brown323@example.com,2024-06-20,PREMIUM
C1324,Sandra Lopez,sandra.lopez324@gmail.com,2024-12-03,REGULAR
C1325,Susan Garcia,susan.garcia325@yahoo.com,2024-02-17,PREMIUM
C1326,Mark Brown,mark.brown326@gmail.com,2024-04-19,VIP
C1327,Susan Smith,susan.smith327@example.com,2024-01-23,REGULAR
C1328,Ashley Miller,ashley.miller328@outlook.com,2024-10-28,REGULAR
C1329,Sandra Martin,sandra.martin329@outlook.com,2024-08-04,PREMIUM
C1330,Jennifer Moore,jennifer.moore330@example.com,2024-03-13,PREMIUM
C1331,Robert Garcia,robert.garcia331@yahoo.com,2024-02-20,VIP
C1332,Daniel Johnson,daniel.johnson332@gmail.com,2024-05-27,REGULAR
C1333,Thomas Rodriguez,thomas.rodriguez333@gmail.com,2024-12-12,REGULAR
C1334,Joseph Davis,joseph.davis334@hotmail.com,2024-08-16,REGULAR
C1335,Susan Martinez,susan.martinez335@hotmail.com,2024-11-20,REGULAR
C1336,Michael Johnson,michael.johnson336@gmail.com,2024-10-07,REGULAR
C1337,Charles Miller,charles.miller337@gmail.com,2024-01-10,REGULAR
C1338,John Thomas,john.thomas338@example.com,2024-12-22,REGULAR
C1339,Betty Thomas,betty.thomas339@gmail.com,2024-11-18,REGULAR
C1340,Charles Anderson,charles.anderson340@hotmail.com,2024-01-31,REGULAR
C1341,Robert Garcia,robert.garcia341@outlook.com,2024-05-08,REGULAR
C1342,Jessica Garcia,jessica.garcia342@example.com,2024-10-01,VIP
C1343,Matthew Miller,matthew.miller343@example.com,2024-08-26,VIP
C1344,Linda Miller,linda.miller344@outlook.com,2024-09-26,REGULAR
C1345,James Taylor,james.taylor345@hotmail.com,2024-06-09,PREMIUM
C1346,Elizabeth Brown,elizabeth.brown346@yahoo.com,2025-01-21,PREMIUM
C1347,Lisa Davis,lisa.davis347@gmail.com,2024-10-06,PREMIUM
C1348,Mark Martin,mark.martin348@yahoo.com,2024-09-02,REGULAR
C1349,Michael Taylor,michael.taylor349@gmail.com,2024-06-30,REGULAR
C1350,Susan Martin,susan.martin350@yahoo.com,2024-02-20,REGULAR
C1351,Donald Jackson,donald.jackson351@yahoo.com,2024-10-01,PREMIUM
C1352,Michael Garcia,michael.garcia352@outlook.com,2025-02-25,REGULAR
C1353,Michael Rodriguez,michael.rodriguez353@yahoo.com,2024-01-24,REGULAR
C1354,James Jones,james.jones354@outlook.com,2024-03-02,PREMIUM
C1355,Susan Thompson,susan.thompson355@outlook.com,2024-01-17,VIP
C1356,Sandra Lopez,sandra.lopez356@example.com,2024-09-10,REGULAR
C1357,Karen Johnson,karen.johnson357@example.com,2025-02-17,VIP
C1358,Lisa Gonzalez,lisa.gonzalez358@gmail.com,2024-12-26,REGULAR
C1359,John Jones,john.jones359@yahoo.com,2024-09-16,PREMIUM
C1360,Charles Smith,charles.smith360@yahoo.com,2025-04-19,VIP
C1361,Donald Johnson,donald.johnson361@outlook.com,2024-12-25,VIP
C1362,Thomas Taylor,thomas.taylor362@yahoo.com,2024-03-10,REGULAR
C1363,Christopher Moore,christopher.moore363@example.com,2024-07-16,REGULAR
C1364,Matthew Miller,matthew.miller364@hotmail.com,2024-04-19,VIP
C1365,Ashley Garcia,ashley.garcia365@gmail.com,2025-04-08,REGULAR
C1366,Karen Williams,karen.williams366@example.com,2024-01-06,REGULAR
C1367,Susan Smith,susan.smith367@gmail.com,2024-05-28,REGULAR
C1368,Nancy Lee,nancy.lee368@yahoo.com,2025-03-22,PREMIUM
C1369,David Miller,david.miller369@example.com,2024-09-07,REGULAR
C1370,Thomas Thompson,thomas.thompson370@gmail.com,2024-09-01,PREMIUM
C1371,Mary Wilson,mary.wilson371@outlook.com,2025-01-03,REGULAR
C1372,Linda Smith,linda.smith372@example.com,2024-06-02,REGULAR
C1373,Linda Rodriguez,linda.rodriguez373@gmail.com,2024-04-23,REGULAR
C1374,Joseph Anderson,joseph.anderson374@hotmail.com,2025-01-22,VIP
C1375,Joseph Miller,joseph.miller375@yahoo.com,2024-06-06,REGULAR
C1376,Barbara Garcia,barbara.garcia376@outlook.com,2024-04-18,REGULAR
C1377,Charles Anderson,charles.anderson377@yahoo.com,2025-02-15,REGULAR
C1378,Linda Taylor,linda.taylor378@outlook.com,2025-02-28,REGULAR
C1379,Sandra Davis,sandra.davis379@gmail.com,2024-09-04,REGULAR
C1380,Ashley Johnson,ashley.johnson380@yahoo.com,2024-06-15,REGULAR
C1381,Barbara Perez,barbara.perez381@example.com,2024-10-01,PREMIUM
C1382,Margaret Miller,margaret.miller382@gmail.com,2024-02-17,VIP
C1383,Mary Garcia,mary.garcia383@gmail.com,2024-06-22,PREMIUM
C1384,Linda Wilson,linda.wilson384@gmail.com,2024-10-18,REGULAR
C1385,Richard Thompson,richard.thompson385@gmail.com,2025-01-08,REGULAR
C1386,William Williams,william.williams386@example.com,2024-03-01,REGULAR
C1387,Elizabeth Martin,elizabeth.martin387@example.com,2024-06-24,VIP
C1388,Patricia Martin,patricia.martin388@gmail.com,2025-03-16,PREMIUM
C1389,Charles Thompson,charles.thompson389@gmail.com,2024-02-21,REGULAR
C1390,James Garcia,james.garcia390@gmail.com,2024-01-23,REGULAR
C1391,Matthew Hernandez,matthew.hernandez391@example.com,2025-03-29,REGULAR
C1392,Joseph Rodriguez,joseph.rodriguez392@example.com,2024-07-27,REGULAR
C1393,Matthew Wilson,matthew.wilson393@yahoo.com,2025-05-08,PREMIUM
C1394,Anthony Moore,anthony.moore394@gmail.com,2024-11-11,REGULAR
C1395,Joseph Perez,joseph.perez395@yahoo.com,2024-12-01,REGULAR
C1396,William Thompson,william.thompson396@example.com,2024-09-03,VIP
C1397,Patricia Jackson,patricia.jackson397@outlook.com,2025-05-11,PREMIUM
C1398,Joseph Thompson,joseph.thompson398@outlook.com,2024-10-23,REGULAR
C1399,Sarah Perez,sarah.perez399@outlook.com,2025-03-04,REGULAR
C1400,Donald Brown,donald.brown400@outlook.com,2024-09-19,REGULAR
C1401,Elizabeth Hernandez,elizabeth.hernandez401@yahoo.com,2024-02-22,REGULAR
C1402,Joseph Jones,joseph.jones402@yahoo.com,2024-02-13,REGULAR
C1403,Margaret Wilson,margaret.wilson403@outlook.com,2024-03-19,REGULAR
C1404,William Johnson,william.johnson404@example.com,2024-05-03,REGULAR
C1405,Patricia Taylor,patricia.taylor405@gmail.com,2024-11-08,PREMIUM
C1406,Betty Thompson,betty.thompson406@outlook.com,2024-03-01,REGULAR
C1407,Susan Anderson,susan.anderson407@hotmail.com,2024-06-21,PREMIUM
C1408,Daniel Gonzalez,daniel.gonzalez408@yahoo.com,2024-05-13,REGULAR
C1409,Betty Brown,betty.brown409@example.com,2024-02-22,REGULAR
C1410,Jessica Miller,jessica.miller410@yahoo.com,2024-04-29,PREMIUM
C1411,Daniel Thompson,daniel.thompson411@outlook.com,2024-07-23,REGULAR
C1412,James Thompson,james.thompson412@hotmail.com,2024-06-18,REGULAR
C1413,John Rodriguez,john.rodriguez413@example.com,2024-01-04,PREMIUM
C1414,Donald Thompson,donald.thompson414@outlook.com,2024-06-10,REGULAR
C1415,James Miller,james.miller415@yahoo.com,2025-03-10,REGULAR
C1416,Patricia Wilson,patricia.wilson416@example.com,2024-02-02,REGULAR
C1417,Richard Johnson,richard.johnson417@hotmail.com,2025-04-16,REGULAR
C1418,Charles Anderson,charles.anderson418@outlook.com,2024-06-08,PREMIUM
C1419,Thomas Lee,thomas.lee419@outlook.com,2025-02-04,PREMIUM
C1420,James Taylor,james.taylor420@yahoo.com,2024-06-17,REGULAR
C1421,Elizabeth Jones,elizabeth.jones421@gmail.com,2024-06-26,REGULAR
C1422,Nancy Taylor,nancy.taylor422@yahoo.com,2024-01-20,REGULAR
C1423,Richard Jackson,richard.jackson423@yahoo.com,2024-03-16,REGULAR
C1424,Nancy Hernandez,nancy.hernandez424@example.com,2024-12-18,REGULAR
C1425,William Thomas,william.thomas425@example.com,2024-09-19,REGULAR
C1426,Elizabeth Jones,elizabeth.jones426@example.com,2025-03-01,VIP
C1427,Elizabeth Smith,elizabeth.smith427@yahoo.com,2024-03-24,PREMIUM
C1428,Robert Martin,robert.martin428@hotmail.com,2024-07-24,REGULAR
C1429,James Williams,jameswilliamsgmail.com.INVALID,2025-04-04,REGULAR
C1430,Richard Brown,richard.brown430@hotmail.com,2025-01-08,VIP
C1431,Christopher Davis,christopher.davis431@hotmail.com,2024-07-25,REGULAR
C1432,Robert Williams,robert.williams432@gmail.com,2024-05-13,VIP
C1433,Ashley Hernandez,ashley.hernandez433@gmail.com,2024-06-15,PREMIUM
C1434,John Brown,johnbrowngmail.com.INVALID,2025-02-05,REGULAR
C1435,Richard Thompson,richard.thompson435@hotmail.com,2024-12-17,REGULAR
C1436,Betty Taylor,betty.taylor436@outlook.com,2025-04-24,PREMIUM
C1437,Mark Brown,mark.brown437@outlook.com,2024-10-11,PREMIUM
C1438,Linda Johnson,linda.johnson438@example.com,2025-05-04,PREMIUM
C1439,Matthew Hernandez,matthew.hernandez439@hotmail.com,2024-08-05,PREMIUM
C1440,Joseph Anderson,joseph.anderson440@gmail.com,2024-08-01,REGULAR
C1441,William Williams,william.williams441@yahoo.com,2025-04-11,PREMIUM
C1442,Sandra Jones,sandra.jones442@yahoo.com,2025-02-28,VIP
C1443,Sandra Wilson,sandra.wilson443@gmail.com,2024-02-23,PREMIUM
C1444,John Taylor,john.taylor@com.INVALID,2024-09-07,REGULAR
C1445,Patricia Miller,patricia.miller445@yahoo.com,2024-04-28,REGULAR
C1446,Sandra Williams,sandra.williams446@example.com,2024-10-09,PREMIUM
C1447,Linda Gonzalez,linda.gonzalez447@example.com,2024-03-06,REGULAR
C1448,Richard Perez,richard.perez448@hotmail.com,2024-04-06,PREMIUM
C1449,Robert Williams,robert.williams449@example.com,2024-11-09,REGULAR
C1450,Ashley Martin,ashley.martin450@yahoo.com,2024-08-07,REGULAR
C1451,Richard Hernandez,richard.hernandez451@example.com,2024-10-07,REGULAR
C1452,Karen Johnson,karen.johnson452@outlook.com,2024-07-08,VIP
C1453,Robert Williams,robert.williams453@yahoo.com,2024-06-04,PREMIUM
C1454,Christopher Hernandez,christopher.hernandez454@example.com,2025-01-03,PREMIUM
C1455,Ashley Wilson,ashley.wilson455@example.com,2024-11-11,REGULAR
C1456,Joseph Davis,joseph.davis456@gmail.com,2024-11-22,REGULAR
C1457,Michael Williams,michael.williams457@example.com,2024-12-23,REGULAR
C1458,Betty Lopez,betty.lopez458@yahoo.com,2025-02-18,PREMIUM
C1459,Mary Lee,mary.lee459@yahoo.com,2025-04-07,REGULAR
C1460,Margaret Brown,margaret.brown460@outlook.com,2024-11-03,REGULAR
C1461,Christopher Brown,christopher.brown461@yahoo.com,2024-08-26,REGULAR
C1462,Donald Brown,donald.brown462@example.com,2025-03-06,PREMIUM
C1463,Nancy Williams,nancy.williams463@gmail.com,2025-04-30,REGULAR
C1464,John Thompson,john.thompson464@hotmail.com,2025-02-11,REGULAR
C1465,William Brown,william.brown465@example.com,2025-04-03,REGULAR
C1466,William Thompson,william.thompson466@gmail.com,2024-05-13,PREMIUM
C1467,Richard Rodriguez,richard.rodriguez467@outlook.com,2025-02-25,REGULAR
C1468,Patricia Moore,patricia.moore468@yahoo.com,2024-03-29,PREMIUM
C1469,Jennifer Anderson,jennifer.anderson469@yahoo.com,2024-08-06,REGULAR
C1470,Jennifer Martin,jennifer.martin470@hotmail.com,2025-03-19,PREMIUM
C1471,Sarah Gonzalez,sarah.gonzalez471@example.com,2024-11-19,PREMIUM
C1472,John Lopez,john.lopez472@hotmail.com,2024-07-11,VIP
C1473,Donald Smith,donald.smith473@example.com,2024-02-29,REGULAR
C1474,Jessica Martin,jessica.martin474@hotmail.com,2025-05-15,PREMIUM
C1475,Thomas Wilson,thomas.wilson475@gmail.com,2024-12-07,REGULAR
C1476,Anthony Thompson,anthony.thompson476@hotmail.com,2025-05-10,PREMIUM
C1477,Charles Williams,charles.williams477@yahoo.com,2024-10-15,REGULAR
C1478,William Smith,william.smith478@gmail.com,2024-01-31,PREMIUM
C1479,Karen Perez,karen.perez479@yahoo.com,2025-02-26,PREMIUM
C1480,Betty Jones,betty.jones480@outlook.com,2025-01-09,PREMIUM
C1481,Jessica Moore,jessica.moore481@hotmail.com,2024-10-17,REGULAR
C1482,Joseph Hernandez,joseph.hernandez482@outlook.com,2024-01-29,VIP
C1483,David Hernandez,david.hernandez483@outlook.com,2024-03-25,REGULAR
C1484,Barbara Johnson,barbara.johnson484@gmail.com,2024-07-05,REGULAR
C1485,Elizabeth Miller,elizabeth.miller485@outlook.com,2024-09-14,PREMIUM
C1486,Richard Johnson,richard.johnson486@hotmail.com,2025-04-08,REGULAR
C1487,David Brown,david.brown487@yahoo.com,2024-01-13,REGULAR
C1488,Barbara Hernandez,barbara.hernandez488@yahoo.com,2024-02-09,REGULAR
C1489,Daniel Lee,daniel.lee489@yahoo.com,2024-01-15,REGULAR
C1490,Michael Garcia,michael.garcia490@outlook.com,2025-04-10,PREMIUM
C1491,Richard Rodriguez,richard.rodriguez491@example.com,2025-04-16,VIP
C1492,Elizabeth Perez,elizabeth.perez492@hotmail.com,2025-04-13,REGULAR
C1493,Mary Jones,mary.jones493@example.com,2024-03-28,REGULAR
C1494,Charles Smith,charles.smith494@hotmail.com,2024-12-09,VIP
C1495,Linda Hernandez,linda.hernandez495@gmail.com,2024-07-17,REGULAR
C1496,Anthony Anderson,anthony.anderson496@hotmail.com,2024-08-28,REGULAR
C1497,Mark Martin,mark.martin497@example.com,2025-03-29,PREMIUM
C1498,Patricia Miller,patricia.miller498@outlook.com,2024-08-11,PREMIUM
C1499,Sandra Wilson,sandra.wilson499@example.com,2024-07-14,VIP
C1500,Richard Taylor,richard.taylor500@example.com,2024-04-15,REGULAR
C1501,Nancy Williams,nancy.williams501@example.com,2024-06-27,PREMIUM
C1502,Nancy Jackson,nancy.jackson502@gmail.com,2024-01-07,REGULAR
C1503,Richard Davis,richard.davis503@outlook.com,2024-01-25,PREMIUM
C1504,Michael Jackson,michael.jackson504@example.com,2024-07-21,REGULAR
C1505,Robert Anderson,robert.anderson505@example.com,2025-04-29,REGULAR
C1506,Betty Brown,betty.brown506@gmail.com,2024-10-08,VIP
C1507,Lisa Martin,lisa.martin507@gmail.com,2024-11-01,PREMIUM
C1508,Nancy Jones,nancy.jones508@yahoo.com,2024-11-13,VIP
C1509,Linda Davis,linda.davis509@gmail.com,2024-01-09,PREMIUM
C1510,William Garcia,william.garcia510@yahoo.com,2024-01-29,REGULAR
C1511,Anthony Gonzalez,anthony.gonzalez511@yahoo.com,2025-03-23,REGULAR
C1512,Nancy Taylor,nancy.taylor512@yahoo.com,2025-01-03,PREMIUM
C1513,Donald Smith,donald.smith513@yahoo.com,2025-02-10,REGULAR
C1514,Barbara Johnson,barbara.johnson514@gmail.com,2025-05-14,REGULAR
C1515,Jessica Brown,jessica.brown515@outlook.com,2024-10-22,REGULAR
C1516,Sandra Johnson,sandra.johnson516@gmail.com,2024-08-24,REGULAR
C1517,Thomas Smith,thomas.smith517@gmail.com,2024-01-10,REGULAR
C1518,Jessica Miller,jessica.miller518@hotmail.com,2024-08-30,REGULAR
C1519,Charles Garcia,charles.garcia519@example.com,2025-04-19,REGULAR
C1520,Matthew Smith,matthew.smith520@hotmail.com,2024-12-04,REGULAR
C1521,Susan Martinez,susan.martinez521@example.com,2024-03-28,REGULAR
C1522,Mary Davis,mary.davis522@hotmail.com,2024-06-15,PREMIUM
C1523,Lisa Thompson,lisa.thompson523@hotmail.com,2024-11-02,VIP
C1524,Daniel Smith,daniel.smith524@outlook.com,2024-04-24,REGULAR
C1525,Joseph Thompson,joseph.thompson525@hotmail.com,2025-01-23,PREMIUM
C1526,David Rodriguez,david.rodriguez526@yahoo.com,2024-04-14,PREMIUM
C1527,Thomas Anderson,thomas.anderson527@yahoo.com,2024-09-11,REGULAR
C1528,Daniel Johnson,daniel.johnson528@hotmail.com,2025-02-05,REGULAR
C1529,Lisa Moore,lisa.moore529@outlook.com,2025-02-25,PREMIUM
C1530,Matthew Garcia,matthew.garcia530@hotmail.com,2024-06-20,REGULAR
C1531,Margaret Jones,margaret.jones531@example.com,2024-04-02,PREMIUM
C1532,Barbara Thomas,barbara.thomas532@gmail.com,2024-01-25,PREMIUM
C1533,Robert Garcia,robert.garcia533@hotmail.com,2025-01-04,REGULAR
C1534,Margaret Thompson,margaret.thompson534@hotmail.com,2024-06-02,REGULAR
C1535,Patricia Martinez,patricia.martinez535@example.com,2024-05-06,REGULAR
C1536,Christopher Anderson,christopher.anderson536@gmail.com,2025-01-30,REGULAR
C1537,Linda Hernandez,linda.hernandez537@yahoo.com,2025-01-03,REGULAR
C1538,John Brown,john.brown538@outlook.com,2025-01-18,PREMIUM
C1539,Donald Thompson,donald.thompson539@yahoo.com,2024-07-27,REGULAR
C1540,Anthony Williams,anthony.williams540@example.com,2025-04-08,VIP
C1541,Susan Perez,susan.perez541@gmail.com,2025-01-20,VIP
C1542,Matthew Martin,matthew.martin542@yahoo.com,2024-10-18,REGULAR
C1543,Charles Wilson,charles.wilson543@gmail.com,2024-09-14,PREMIUM
C1544,Jessica Martin,jessica.martin544@example.com,2025-05-05,REGULAR
C1545,John Rodriguez,john.rodriguez545@gmail.com,2024-04-30,REGULAR
C1546,Elizabeth Wilson,elizabeth.wilson546@outlook.com,2024-06-19,REGULAR
C1547,Jennifer Lopez,jennifer.lopez547@yahoo.com,2024-12-21,REGULAR
C1548,Richard Martinez,richard.martinez548@gmail.com,2025-05-09,REGULAR
C1549,Richard Miller,richard.miller549@gmail.com,2025-02-26,PREMIUM
C1550,Michael Lopez,michael.lopez550@outlook.com,2024-07-23,REGULAR
